use droneportation 

--
-- Table structure for table `ManifestPackage`
--

DROP TABLE IF EXISTS `ManifestPackage`;
/*!40101 SET @saved_cs_client     = @@character_set_client */;
 SET character_set_client = utf8mb4 ;
CREATE TABLE `ManifestPackage` (
  `FlightID` int(10) unsigned NOT NULL,
  `PackageID` int(10) unsigned NOT NULL,
  PRIMARY KEY (`FlightID`,`PackageID`)
) ENGINE=InnoDB DEFAULT CHARSET=utf8mb4 COLLATE=utf8mb4_0900_ai_ci;
/*!40101 SET character_set_client = @saved_cs_client */;

--
-- Dumping data for table `ManifestPackage`
--

LOCK TABLES `ManifestPackage` WRITE;
/*!40000 ALTER TABLE `ManifestPackage` DISABLE KEYS */;
INSERT INTO `ManifestPackage` VALUES (1,50),(1,59),(1,65),(1,66),(2,4),(2,20),(2,80),(2,87),(3,13),(3,18),(3,60),(6,56),(6,78),(8,79),(8,81),(10,7),(10,23),(10,70),(10,92),(10,100),(11,35),(11,37),(12,47),(12,74),(14,14),(18,90),(20,30),(21,9),(21,73),(23,28),(23,46),(23,55),(23,62),(24,6),(24,29),(24,63),(25,16),(26,21),(26,88),(29,12),(29,53),(29,75),(29,99),(31,42),(32,40),(32,64),(32,94),(36,54),(38,57),(38,82),(39,49),(39,67),(44,39),(45,77),(46,25),(46,36),(48,22),(48,26),(48,44),(48,97),(49,11),(49,58),(57,41),(58,1),(58,38),(59,17),(59,24),(59,98),(61,45),(61,76),(61,89),(63,48),(65,68),(67,19),(67,51),(73,34),(76,8),(81,2),(83,3),(83,61),(85,52),(85,72),(90,96),(92,31);
/*!40000 ALTER TABLE `ManifestPackage` ENABLE KEYS */;
UNLOCK TABLES;

--
-- Table structure for table `ManifestPassenger`
--

DROP TABLE IF EXISTS `ManifestPassenger`;
/*!40101 SET @saved_cs_client     = @@character_set_client */;
 SET character_set_client = utf8mb4 ;
CREATE TABLE `ManifestPassenger` (
  `FlightID` int(10) unsigned NOT NULL,
  `PassID` int(10) unsigned NOT NULL,
  `SeatPrice` decimal(5,2) DEFAULT NULL,
  PRIMARY KEY (`FlightID`,`PassID`)
) ENGINE=InnoDB DEFAULT CHARSET=utf8mb4 COLLATE=utf8mb4_0900_ai_ci;
/*!40101 SET character_set_client = @saved_cs_client */;

--
-- Dumping data for table `ManifestPassenger`
--

LOCK TABLES `ManifestPassenger` WRITE;
/*!40000 ALTER TABLE `ManifestPassenger` DISABLE KEYS */;
INSERT INTO `ManifestPassenger` VALUES (2,4,25.89),(2,20,29.06),(2,80,48.63),(2,87,31.95),(3,13,29.86),(3,18,34.45),(3,60,28.68),(4,9,21.06),(4,26,47.48),(4,32,33.83),(7,39,42.71),(7,49,23.05),(7,62,23.99),(7,71,38.12),(7,74,30.27),(7,99,25.37),(9,19,32.44),(9,76,20.29),(14,14,51.45),(14,66,28.86),(15,60,40.44),(17,90,28.84),(18,90,38.90),(19,38,53.95),(19,91,29.07),(20,4,34.51),(20,30,31.34),(20,100,27.99),(22,45,34.34),(23,28,51.68),(23,46,50.80),(23,55,33.76),(23,62,44.95),(24,6,53.36),(24,20,42.95),(24,29,35.68),(24,46,46.78),(24,50,30.54),(24,60,43.60),(24,63,26.67),(24,100,23.68),(26,14,21.01),(26,21,38.57),(26,88,42.11),(26,100,32.84),(27,34,29.47),(27,63,23.53),(27,99,42.31),(28,14,51.97),(28,51,43.93),(28,67,44.75),(30,11,29.84),(30,18,49.35),(30,36,48.48),(30,52,41.80),(30,71,30.47),(32,40,40.33),(32,64,37.20),(32,94,46.01),(33,1,29.47),(33,18,42.96),(33,73,34.40),(33,79,25.29),(35,6,31.20),(35,13,30.54),(35,16,40.09),(35,31,19.84),(35,46,29.95),(35,56,36.22),(35,89,24.11),(37,44,22.26),(37,48,25.00),(37,82,39.20),(38,57,31.99),(38,82,23.36),(39,30,36.85),(39,47,25.13),(39,49,31.14),(39,67,33.35),(39,81,26.29),(39,82,40.44),(40,13,19.03),(40,92,48.12),(41,26,32.28),(41,58,30.30),(41,62,50.30),(41,65,23.14),(43,29,53.46),(43,66,40.82),(45,77,42.01),(45,78,45.65),(46,25,37.22),(46,36,41.08),(47,17,51.80),(47,74,39.73),(49,11,41.22),(49,53,33.04),(49,58,25.83),(49,63,35.42),(50,30,34.43),(50,42,46.89),(50,55,42.18),(50,86,46.00),(50,87,28.54),(51,65,51.22),(52,16,40.54),(52,42,30.05),(52,97,20.67),(54,87,33.74),(55,19,46.77),(55,31,23.98),(55,40,30.61),(55,59,52.71),(55,85,38.32),(55,100,27.12),(58,1,49.47),(58,18,23.83),(58,38,43.39),(58,46,29.89),(58,75,23.98),(61,42,26.64),(61,45,35.53),(61,76,43.72),(61,80,49.55),(61,89,28.57),(63,48,23.03),(63,79,34.98),(66,3,28.35),(66,13,45.21),(66,16,20.99),(66,98,35.89),(67,18,51.34),(67,19,32.07),(67,51,22.31),(67,80,27.47),(68,9,45.71),(68,72,22.13),(69,18,24.52),(70,48,37.19),(70,60,23.39),(72,41,52.84),(72,67,40.98),(72,88,27.37),(73,26,29.92),(73,34,31.34),(73,38,48.50),(73,47,28.75),(74,56,35.76),(74,62,30.79),(74,85,27.68),(76,8,49.24),(76,47,27.01),(76,64,35.94),(76,67,33.04),(76,77,47.98),(76,95,43.09),(77,56,52.50),(77,72,30.14),(78,76,44.24),(78,78,44.71),(79,23,36.82),(79,30,32.61),(79,58,53.60),(80,65,30.95),(80,75,25.32),(80,90,49.73),(81,2,48.68),(81,7,40.23),(81,45,46.19),(82,16,36.12),(83,3,40.90),(83,61,51.15),(85,16,28.19),(85,52,24.17),(85,72,35.14),(85,79,49.20),(93,26,39.60),(93,41,38.50),(93,42,29.41),(93,54,53.94),(94,31,44.28),(94,35,44.13),(95,92,33.83),(96,1,52.78),(96,3,30.17),(96,61,38.39),(97,18,49.60),(97,23,43.86),(97,37,51.47),(98,9,36.78),(98,12,45.48),(98,30,40.03),(98,76,28.07),(98,79,19.90),(99,11,20.65),(99,33,31.29),(99,49,42.76),(99,65,30.92),(99,69,34.14),(99,71,42.32);
/*!40000 ALTER TABLE `ManifestPassenger` ENABLE KEYS */;
UNLOCK TABLES;

--
-- Table structure for table `Package`
--

DROP TABLE IF EXISTS `Package`;
/*!40101 SET @saved_cs_client     = @@character_set_client */;
 SET character_set_client = utf8mb4 ;
CREATE TABLE `Package` (
  `PackageID` int(10) unsigned NOT NULL,
  `Length` decimal(6,2) unsigned NOT NULL,
  `Width` decimal(6,2) unsigned NOT NULL,
  `Height` decimal(6,2) unsigned NOT NULL,
  `Weight` decimal(5,2) unsigned NOT NULL,
  PRIMARY KEY (`PackageID`)
) ENGINE=InnoDB DEFAULT CHARSET=utf8mb4 COLLATE=utf8mb4_0900_ai_ci;
/*!40101 SET character_set_client = @saved_cs_client */;

--
-- Dumping data for table `Package`
--

LOCK TABLES `Package` WRITE;
/*!40000 ALTER TABLE `Package` DISABLE KEYS */;
INSERT INTO `Package` VALUES (1,28.82,78.86,146.97,11.86),(2,116.75,66.47,105.28,69.19),(3,86.71,77.12,133.45,65.27),(4,34.28,64.09,137.17,28.00),(6,151.57,83.72,49.45,71.45),(7,100.10,56.32,56.40,14.89),(8,165.58,34.12,106.07,59.19),(9,143.65,47.74,141.54,106.44),(11,121.61,86.65,138.10,175.64),(12,175.12,57.51,30.57,9.47),(13,151.40,50.23,145.73,122.48),(14,133.51,29.61,137.23,56.44),(16,43.31,76.62,97.29,18.51),(17,134.67,44.29,132.06,53.86),(18,79.39,88.25,116.88,31.60),(19,190.40,53.44,88.94,73.82),(20,63.46,56.72,138.24,24.05),(21,35.65,58.38,86.71,16.37),(22,188.30,28.24,133.44,46.04),(23,26.39,47.18,138.17,5.76),(24,101.93,50.55,129.38,44.36),(25,191.81,33.98,48.67,32.04),(26,92.88,42.24,79.55,19.25),(28,76.17,25.86,103.84,20.28),(29,185.85,67.17,88.10,73.66),(30,136.49,64.73,48.53,56.24),(31,51.58,29.01,57.78,8.53),(34,191.37,86.92,115.80,155.84),(35,192.19,59.21,133.17,136.23),(36,157.69,29.04,80.68,27.90),(37,176.48,88.78,38.21,53.34),(38,161.04,57.13,57.57,46.44),(39,168.08,37.37,127.81,32.02),(40,98.10,60.98,99.55,17.96),(41,84.94,83.66,66.75,59.23),(42,46.63,60.58,81.53,14.99),(44,136.59,76.78,23.71,11.11),(45,143.49,45.64,124.43,99.24),(46,191.51,42.23,118.12,113.35),(47,171.23,85.14,144.15,203.14),(48,53.07,85.07,146.78,71.98),(49,71.97,45.85,29.40,11.82),(50,49.88,59.80,68.01,8.06),(51,47.49,60.16,76.18,8.56),(52,102.08,87.47,61.70,32.31),(53,159.62,86.81,57.95,35.35),(54,137.96,47.16,23.93,3.96),(55,177.40,42.90,28.90,19.51),(56,67.01,22.41,94.71,17.58),(57,146.09,73.41,100.25,116.24),(58,177.91,56.60,142.05,55.10),(59,63.11,35.38,86.16,14.33),(60,170.44,65.98,111.16,157.20),(61,131.29,87.07,120.81,67.62),(62,51.16,48.01,92.02,16.69),(63,123.05,28.88,28.58,9.24),(64,162.87,78.40,105.88,138.10),(65,182.40,56.08,128.09,139.64),(66,144.04,83.93,67.32,77.46),(67,48.74,64.09,106.19,8.26),(68,109.73,49.83,106.66,26.40),(70,37.80,44.85,94.29,3.25),(72,161.13,31.37,92.75,27.97),(73,69.66,63.14,53.43,24.91),(74,97.08,42.68,74.24,32.99),(75,35.89,24.10,50.47,3.80),(76,174.64,64.20,87.35,92.87),(77,152.02,24.36,53.85,16.29),(78,196.42,29.79,128.94,79.37),(79,159.06,39.58,40.53,9.48),(80,171.66,75.73,64.79,64.39),(81,88.42,78.68,142.74,26.83),(82,88.45,88.43,98.92,86.64),(87,63.48,38.81,113.91,34.41),(88,165.72,80.91,120.71,54.11),(89,93.62,64.16,135.63,96.15),(90,140.30,62.33,145.35,26.75),(92,46.15,68.09,145.10,31.89),(94,179.06,53.35,112.46,46.00),(96,53.76,68.61,133.11,48.13),(97,91.53,37.36,41.74,16.83),(98,195.66,49.97,48.72,24.62),(99,156.25,27.96,74.73,36.23),(100,142.41,26.48,92.04,15.13);
/*!40000 ALTER TABLE `Package` ENABLE KEYS */;
UNLOCK TABLES;